{
    "MSE": 0.3020966403676589,
    "R2": 0.5377292551644784
}